d3mIndex,GameID,Date,Team,Opponent,Ball Possession %,Off-Target,Blocked,Offsides,Saves,Pass Accuracy %,Passes,Distance Covered (Kms),Yellow & Red,Man of the Match,1st Goal,Round,PSO,Goals in PSO,Own goals,id,season_id,season_startDate,season_endDate,season_currentMatchday,utcDate,status,matchday,stage,group,lastUpdated,score_winner,score_duration,score_fullTime_homeTeam,score_fullTime_awayTeam,score_halfTime_homeTeam,score_halfTime_awayTeam,score_extraTime_homeTeam,score_extraTime_awayTeam,score_penalties_homeTeam,score_penalties_awayTeam,homeTeam_id,awayTeam_id,referees_0_id,referees_0_name,referees_0_nationality,referees_1_id,referees_1_name,referees_1_nationality,referees_2_id,referees_2_name,referees_2_nationality,referees_3_id,referees_3_name,referees_3_nationality,referees_4_id,referees_4_name,referees_4_nationality,referees_5_id,referees_5_name,referees_5_nationality,referees_6_id,referees_6_name,referees_6_nationality,referees_7_id,referees_7_name,referees_7_nationality,referees_8_id,referees_8_name,referees_8_nationality
0,0,14-06-2018,Russia,Saudi Arabia,40,3,3,3,0,78,306,118,0,1,12.0,Group Stage,No,0,,200000.0,1.0,2018-06-14,2018-07-15,3.0,2018-06-14T15:00:00Z,FINISHED,1.0,GROUP_STAGE,Group A,2018-06-22T10:00:01Z,HOME_TEAM,REGULAR,5.0,0.0,2.0,0.0,,,,,808.0,801.0,49485.0,Néstor Pitana,,49486.0,Juan Pablo Belatti,,49487.0,Hernán Maidana,,49488.0,Sandro Ricci,,11448.0,Emerson Augusto De Carvalho,,11054.0,Massimiliano Irrati,,49527.0,Mauro Vigliano,,49528.0,Carlos Astroza,,11116.0,Daniele Orsato,
1,1,14-06-2018,Saudi Arabia,Russia,60,3,3,1,2,86,511,105,0,0,,Group Stage,No,0,,,,,,,,,,,,,,,,,,,,,,,,,,,,,,,,,,,,,,,,,,,,,,,,,,,
2,2,15-06-2018,Egypt,Uruguay,43,3,2,1,3,78,395,112,0,0,,Group Stage,No,0,,200001.0,1.0,2018-06-14,2018-07-15,3.0,2018-06-15T12:00:00Z,FINISHED,1.0,GROUP_STAGE,Group A,2018-06-22T10:00:01Z,AWAY_TEAM,REGULAR,0.0,1.0,0.0,0.0,,,,,825.0,758.0,9558.0,Björn Kuipers,,9559.0,Sander van Roekel,,9560.0,Erwin Zeinstra,,9371.0,Milorad Mažić,,9372.0,Milovan Ristić,,43899.0,Danny Makkelie,,43884.0,Cyril Gringore,,43854.0,Paweł Gil,,9374.0,Clément Turpin,
3,3,15-06-2018,Uruguay,Egypt,57,6,4,1,3,86,589,111,0,1,89.0,Group Stage,No,0,,,,,,,,,,,,,,,,,,,,,,,,,,,,,,,,,,,,,,,,,,,,,,,,,,,
4,4,15-06-2018,Morocco,Iran,64,6,4,0,2,86,433,101,0,0,,Group Stage,No,0,1.0,200006.0,1.0,2018-06-14,2018-07-15,3.0,2018-06-15T15:00:00Z,FINISHED,1.0,GROUP_STAGE,Group B,2018-06-22T10:00:01Z,AWAY_TEAM,REGULAR,0.0,1.0,0.0,0.0,,,,,815.0,840.0,30687.0,Cüneyt Çakιr,,30688.0,Bahattin Duran,,30689.0,Tarık Ongun,,43938.0,Sergey Karasev,,43939.0,Anton Averianov,,43878.0,Felix Zwayer,,15746.0,Bastian Dankert,,43876.0,Mark Borsch,,55667.0,Jair Marrufo,
5,5,15-06-2018,Iran,Morocco,36,5,1,0,2,86,194,100,0,1,90.0,Group Stage,No,0,,,,,,,,,,,,,,,,,,,,,,,,,,,,,,,,,,,,,,,,,,,,,,,,,,,
6,6,15-06-2018,Portugal,Spain,39,2,3,1,2,87,366,102,0,0,4.0,Group Stage,No,0,,200007.0,1.0,2018-06-14,2018-07-15,3.0,2018-06-15T18:00:00Z,FINISHED,1.0,GROUP_STAGE,Group B,2018-06-22T10:00:01Z,DRAW,REGULAR,3.0,3.0,2.0,1.0,,,,,765.0,760.0,10988.0,Gianluca Rocchi,,11056.0,Elenito Di Liberatore,,11058.0,Mauro Tonolini,,49525.0,Ryūji Satō,,55658.0,Toru Sagara,,11054.0,Massimiliano Irrati,,11075.0,Paolo Valeri,,49528.0,Carlos Astroza,,11116.0,Daniele Orsato,
7,7,15-06-2018,Spain,Portugal,61,5,2,3,0,93,727,103,0,1,24.0,Group Stage,No,0,,,,,,,,,,,,,,,,,,,,,,,,,,,,,,,,,,,,,,,,,,,,,,,,,,,
8,8,16-06-2018,France,Australia,51,4,3,0,1,87,484,103,0,1,58.0,Group Stage,No,0,,200012.0,1.0,2018-06-14,2018-07-15,3.0,2018-06-16T10:00:00Z,FINISHED,1.0,GROUP_STAGE,Group C,2018-06-22T10:00:02Z,HOME_TEAM,REGULAR,2.0,1.0,0.0,0.0,,,,,773.0,779.0,29474.0,Andrés Cunha,,28776.0,Nicolás Tarán,,28832.0,Mauricio Espinosa,,23895.0,Julio Bascuñán,,55659.0,Christian Schiemann,,49527.0,Mauro Vigliano,,49487.0,Hernán Maidana,,15713.0,Tiago Martins,,55667.0,Jair Marrufo,
9,9,16-06-2018,Australia,France,49,2,1,0,4,85,390,111,0,0,62.0,Group Stage,No,0,1.0,,,,,,,,,,,,,,,,,,,,,,,,,,,,,,,,,,,,,,,,,,,,,,,,,,
10,10,16-06-2018,Argentina,Iceland,72,9,10,0,2,92,718,101,0,0,19.0,Group Stage,No,0,,200018.0,1.0,2018-06-14,2018-07-15,3.0,2018-06-16T13:00:00Z,FINISHED,1.0,GROUP_STAGE,Group D,2018-06-22T10:00:02Z,DRAW,REGULAR,1.0,1.0,1.0,1.0,,,,,762.0,1066.0,43888.0,Szymon Marciniak,,43889.0,Paweł Sokolnicki,,43890.0,Tomasz Listkiewicz,,23062.0,Wilmar Roldán,,23046.0,Alexander Guzmán,,55724.0,Mark Geiger,,55725.0,Joe Fletcher,,43854.0,Paweł Gil,,18127.0,Gery Vargas,
11,11,16-06-2018,Iceland,Argentina,28,5,1,0,7,67,189,105,0,1,23.0,Group Stage,No,0,,,,,,,,,,,,,,,,,,,,,,,,,,,,,,,,,,,,,,,,,,,,,,,,,,,
12,12,16-06-2018,Peru,Denmark,52,7,5,5,2,85,394,104,0,0,,Group Stage,No,0,,200013.0,1.0,2018-06-14,2018-07-15,3.0,2018-06-16T16:00:00Z,FINISHED,1.0,GROUP_STAGE,Group C,2018-06-22T10:00:02Z,AWAY_TEAM,REGULAR,0.0,1.0,0.0,0.0,,,,,832.0,782.0,55660.0,Bakary Papa Gassama,,55661.0,Jean-Claude Birumushahu,,55662.0,Abdelhak Etchiali,,55663.0,Mehdi Abid Charef,,55664.0,Anouar Hmila,,43878.0,Felix Zwayer,,15746.0,Bastian Dankert,,43876.0,Mark Borsch,,43899.0,Danny Makkelie,
13,13,16-06-2018,Denmark,Peru,48,5,2,3,6,82,342,110,0,1,59.0,Group Stage,No,0,,,,,,,,,,,,,,,,,,,,,,,,,,,,,,,,,,,,,,,,,,,,,,,,,,,
14,14,17-06-2018,Croatia,Nigeria,54,7,2,2,2,84,462,104,0,1,32.0,Group Stage,No,0,,200019.0,1.0,2018-06-14,2018-07-15,3.0,2018-06-16T19:00:00Z,FINISHED,1.0,GROUP_STAGE,Group D,2018-06-22T10:00:02Z,HOME_TEAM,REGULAR,2.0,0.0,1.0,0.0,,,,,799.0,776.0,49488.0,Sandro Ricci,,11448.0,Emerson Augusto De Carvalho,,11468.0,Marcelo Carvalho Van Gasse,,43869.0,Antonio Matéu,,134.0,Pau Cebrián,,11116.0,Daniele Orsato,,11412.0,Wilton Pereira Sampaio,,49487.0,Hernán Maidana,,43540.0,Artur Soares Dias,
15,15,17-06-2018,Nigeria,Croatia,46,5,7,1,1,84,388,101,0,0,,Group Stage,No,0,1.0,,,,,,,,,,,,,,,,,,,,,,,,,,,,,,,,,,,,,,,,,,,,,,,,,,
16,16,17-06-2018,Costa Rica,Serbia,50,3,4,1,2,83,428,107,0,0,,Group Stage,No,0,,200024.0,1.0,2018-06-14,2018-07-15,3.0,2018-06-17T12:00:00Z,FINISHED,1.0,GROUP_STAGE,Group E,2018-06-22T10:00:02Z,AWAY_TEAM,REGULAR,0.0,1.0,0.0,0.0,,,,,793.0,780.0,55961.0,Malang Diédhiou,,55962.0,Djibril Camara,,55963.0,El Hadji Malick Samba,,55964.0,Bamlak Tessema,,43940.0,Tikhon Kalugin,,9374.0,Clément Turpin,,43854.0,Paweł Gil,,43884.0,Cyril Gringore,,43540.0,Artur Soares Dias,
17,17,17-06-2018,Serbia,Costa Rica,50,5,2,3,3,83,392,109,0,1,56.0,Group Stage,No,0,,,,,,,,,,,,,,,,,,,,,,,,,,,,,,,,,,,,,,,,,,,,,,,,,,,
18,18,17-06-2018,Germany,Mexico,60,9,7,1,3,88,595,110,0,1,,Group Stage,No,0,,200030.0,1.0,2018-06-14,2018-07-15,3.0,2018-06-17T15:00:00Z,FINISHED,1.0,GROUP_STAGE,Group F,2018-06-22T10:00:02Z,AWAY_TEAM,REGULAR,0.0,1.0,0.0,1.0,,,,,759.0,769.0,55970.0,Alireza Faghani,,55971.0,Reza Sokhandan,,55972.0,Mohammadreza Mansouri,,55973.0,Mohammed Abdulla Hassan,,55974.0,Mohamed Ahmed Al Hammadi,,11054.0,Massimiliano Irrati,,11412.0,Wilton Pereira Sampaio,,49528.0,Carlos Astroza,,55724.0,Mark Geiger,
19,19,17-06-2018,Mexico,Germany,40,6,2,2,9,82,281,106,0,0,35.0,Group Stage,No,0,,,,,,,,,,,,,,,,,,,,,,,,,,,,,,,,,,,,,,,,,,,,,,,,,,,
20,20,17-06-2018,Brazil,Switzerland,52,9,7,1,1,88,521,103,0,1,20.0,Group Stage,No,0,,200025.0,1.0,2018-06-14,2018-07-15,3.0,2018-06-17T18:00:00Z,FINISHED,1.0,GROUP_STAGE,Group E,2018-06-22T10:00:02Z,DRAW,REGULAR,1.0,1.0,1.0,0.0,,,,,764.0,788.0,56007.0,César Ramos,,56008.0,Marvin Torrentera,,56009.0,Miguel Ángel Hernández,,56010.0,John Pitti,,56011.0,Gabriel Victoria,,11075.0,Paolo Valeri,,49527.0,Mauro Vigliano,,11056.0,Elenito Di Liberatore,,10988.0,Gianluca Rocchi,
21,21,17-06-2018,Switzerland,Brazil,48,4,0,0,3,83,436,108,0,0,50.0,Group Stage,No,0,,,,,,,,,,,,,,,,,,,,,,,,,,,,,,,,,,,,,,,,,,,,,,,,,,,
22,22,18-06-2018,Sweden,Korea Republic,52,5,6,1,0,84,417,102,0,1,65.0,Group Stage,No,0,,200031.0,1.0,2018-06-14,2018-07-15,3.0,2018-06-18T12:00:00Z,FINISHED,1.0,GROUP_STAGE,Group F,2018-06-22T10:00:02Z,HOME_TEAM,REGULAR,1.0,0.0,0.0,0.0,,,,,792.0,772.0,56016.0,Joel Aguilar,,56017.0,Juan Zumba,,56018.0,Juan Carlos Mora,,56019.0,Norbert Hauata,,56020.0,Bertrand Brial,,49527.0,Mauro Vigliano,,56026.0,Abdelrahman Al Jassim,,56027.0,Taleb Salem Al Marri,,11116.0,Daniele Orsato,
23,23,18-06-2018,Korea Republic,Sweden,48,2,3,0,3,79,351,103,0,0,,Group Stage,No,0,,,,,,,,,,,,,,,,,,,,,,,,,,,,,,,,,,,,,,,,,,,,,,,,,,,
24,24,18-06-2018,Belgium,Panama,61,7,2,1,2,89,544,102,0,1,47.0,Group Stage,No,0,,200036.0,1.0,2018-06-14,2018-07-15,3.0,2018-06-18T15:00:00Z,FINISHED,1.0,GROUP_STAGE,Group G,2018-06-22T10:00:03Z,HOME_TEAM,REGULAR,3.0,0.0,0.0,0.0,,,,,805.0,1836.0,56021.0,Janny Sikazwe,,56022.0,Jerson dos Santos,,33897.0,Zakhele Siwela,,49525.0,Ryūji Satō,,55658.0,Toru Sagara,,15746.0,Bastian Dankert,,43878.0,Felix Zwayer,,9559.0,Sander van Roekel,,43899.0,Danny Makkelie,
25,25,18-06-2018,Panama,Belgium,39,4,0,3,2,82,317,100,0,0,,Group Stage,No,0,,,,,,,,,,,,,,,,,,,,,,,,,,,,,,,,,,,,,,,,,,,,,,,,,,,
26,26,18-06-2018,Tunisia,England,41,3,2,2,5,82,326,103,0,0,11.0,Group Stage,No,0,,200037.0,1.0,2018-06-14,2018-07-15,3.0,2018-06-18T18:00:00Z,FINISHED,1.0,GROUP_STAGE,Group G,2018-06-22T10:00:03Z,AWAY_TEAM,REGULAR,1.0,2.0,1.0,1.0,,,,,802.0,770.0,23062.0,Wilmar Roldán,,23046.0,Alexander Guzmán,,22961.0,Christian de la Cruz,,56024.0,Ricardo Montero,,56063.0,Hiroshi Yamauchi,,49488.0,Sandro Ricci,,18127.0,Gery Vargas,,11448.0,Emerson Augusto De Carvalho,,15713.0,Tiago Martins,
27,27,18-06-2018,England,Tunisia,59,7,3,3,0,91,492,105,0,1,35.0,Group Stage,No,0,,,,,,,,,,,,,,,,,,,,,,,,,,,,,,,,,,,,,,,,,,,,,,,,,,,
28,28,19-06-2018,Colombia,Japan,41,1,4,2,4,82,352,93,0,0,39.0,Group Stage,No,0,,200042.0,1.0,2018-06-14,2018-07-15,3.0,2018-06-19T12:00:00Z,FINISHED,1.0,GROUP_STAGE,Group H,2018-06-22T10:00:03Z,AWAY_TEAM,REGULAR,1.0,2.0,1.0,1.0,,,,,818.0,766.0,9346.0,Damir Skomina,,9347.0,Jure Praprotnik,,9348.0,Robert Vukan,,55663.0,Mehdi Abid Charef,,55664.0,Anouar Hmila,,43899.0,Danny Makkelie,,15746.0,Bastian Dankert,,9559.0,Sander van Roekel,,43878.0,Felix Zwayer,
29,29,19-06-2018,Japan,Colombia,59,5,3,1,2,87,565,101,0,1,6.0,Group Stage,No,0,,,,,,,,,,,,,,,,,,,,,,,,,,,,,,,,,,,,,,,,,,,,,,,,,,,
30,30,19-06-2018,Poland,Senegal,57,5,1,3,1,88,552,110,0,0,37.0,Group Stage,No,0,1.0,200043.0,1.0,2018-06-14,2018-07-15,3.0,2018-06-19T15:00:00Z,FINISHED,1.0,GROUP_STAGE,Group H,2018-06-22T10:00:03Z,AWAY_TEAM,REGULAR,1.0,2.0,0.0,1.0,,,,,794.0,804.0,56071.0,Nawaf Shukralla,,56072.0,Yaser Tulefat,,56027.0,Taleb Salem Al Marri,,56026.0,Abdelrahman Al Jassim,,55974.0,Mohamed Ahmed Al Hammadi,,43540.0,Artur Soares Dias,,15713.0,Tiago Martins,,49487.0,Hernán Maidana,,11412.0,Wilton Pereira Sampaio,
31,31,19-06-2018,Senegal,Poland,43,4,2,3,3,81,328,107,0,1,60.0,Group Stage,No,0,,,,,,,,,,,,,,,,,,,,,,,,,,,,,,,,,,,,,,,,,,,,,,,,,,,
32,32,19-06-2018,Russia,Egypt,47,5,3,0,0,76,380,115,0,1,59.0,Group Stage,No,0,,200002.0,1.0,2018-06-14,2018-07-15,3.0,2018-06-19T18:00:00Z,FINISHED,2.0,GROUP_STAGE,Group A,2018-06-22T10:00:01Z,HOME_TEAM,REGULAR,3.0,1.0,0.0,0.0,,,,,808.0,825.0,56073.0,Enrique Cáceres,,56074.0,Eduardo Cardozo,,56075.0,Juan Zorrilla,,30687.0,Cüneyt Çakιr,,30688.0,Bahattin Duran,,11054.0,Massimiliano Irrati,,49527.0,Mauro Vigliano,,49528.0,Carlos Astroza,,43888.0,Szymon Marciniak,
33,33,19-06-2018,Egypt,Russia,53,8,4,0,1,81,438,110,0,0,47.0,Group Stage,No,0,1.0,,,,,,,,,,,,,,,,,,,,,,,,,,,,,,,,,,,,,,,,,,,,,,,,,,
34,34,20-06-2018,Portugal,Morocco,47,4,4,1,4,76,387,105,0,1,4.0,Group Stage,No,0,,200008.0,1.0,2018-06-14,2018-07-15,3.0,2018-06-20T12:00:00Z,FINISHED,2.0,GROUP_STAGE,Group B,2018-06-22T10:00:01Z,HOME_TEAM,REGULAR,1.0,0.0,1.0,0.0,,,,,765.0,815.0,55724.0,Mark Geiger,,55725.0,Joe Fletcher,,56076.0,Frank Anderson,,43938.0,Sergey Karasev,,43939.0,Anton Averianov,,43878.0,Felix Zwayer,,55667.0,Jair Marrufo,,56085.0,Simon Lount,,15746.0,Bastian Dankert,
35,35,20-06-2018,Morocco,Portugal,53,10,2,1,1,77,466,107,0,0,,Group Stage,No,0,,,,,,,,,,,,,,,,,,,,,,,,,,,,,,,,,,,,,,,,,,,,,,,,,,,
36,36,20-06-2018,Uruguay,Saudi Arabia,47,6,3,1,3,88,521,101,0,1,23.0,Group Stage,No,0,,200003.0,1.0,2018-06-14,2018-07-15,3.0,2018-06-20T15:00:00Z,FINISHED,2.0,GROUP_STAGE,Group A,2018-06-22T10:00:01Z,HOME_TEAM,REGULAR,1.0,0.0,1.0,0.0,,,,,758.0,801.0,9374.0,Clément Turpin,,43883.0,Nicolas Danos,,43884.0,Cyril Gringore,,56010.0,John Pitti,,56011.0,Gabriel Victoria,,43888.0,Szymon Marciniak,,43854.0,Paweł Gil,,43889.0,Paweł Sokolnicki,,11116.0,Daniele Orsato,
37,37,20-06-2018,Saudi Arabia,Uruguay,53,3,2,2,3,86,590,100,0,0,,Group Stage,No,0,,,,,,,,,,,,,,,,,,,,,,,,,,,,,,,,,,,,,,,,,,,,,,,,,,,
38,38,20-06-2018,Iran,Spain,30,5,0,2,2,69,219,106,0,0,,Group Stage,No,0,,200009.0,1.0,2018-06-14,2018-07-15,3.0,2018-06-20T18:00:00Z,FINISHED,2.0,GROUP_STAGE,Group B,2018-06-22T10:00:02Z,AWAY_TEAM,REGULAR,0.0,1.0,0.0,0.0,,,,,840.0,760.0,29474.0,Andrés Cunha,,28776.0,Nicolás Tarán,,28832.0,Mauricio Espinosa,,23895.0,Julio Bascuñán,,55659.0,Christian Schiemann,,49527.0,Mauro Vigliano,,11412.0,Wilton Pereira Sampaio,,23046.0,Alexander Guzmán,,11054.0,Massimiliano Irrati,
39,39,20-06-2018,Spain,Iran,70,6,8,1,0,89,805,105,0,1,54.0,Group Stage,No,0,,,,,,,,,,,,,,,,,,,,,,,,,,,,,,,,,,,,,,,,,,,,,,,,,,,
40,40,21-06-2018,Denmark,Australia,49,5,0,1,4,88,458,112,0,1,7.0,Group Stage,No,0,,200014.0,1.0,2018-06-14,2018-07-15,3.0,2018-06-21T12:00:00Z,FINISHED,2.0,GROUP_STAGE,Group C,2018-06-22T10:00:02Z,DRAW,REGULAR,1.0,1.0,1.0,1.0,,,,,782.0,779.0,43869.0,Antonio Matéu,,134.0,Pau Cebrián,,82.0,Roberto Díaz,,55964.0,Bamlak Tessema,,56018.0,Juan Carlos Mora,,55724.0,Mark Geiger,,55667.0,Jair Marrufo,,55725.0,Joe Fletcher,,11075.0,Paolo Valeri,
41,41,21-06-2018,Australia,Denmark,51,5,4,0,5,85,520,114,0,0,38.0,Group Stage,No,0,,,,,,,,,,,,,,,,,,,,,,,,,,,,,,,,,,,,,,,,,,,,,,,,,,,
42,42,21-06-2018,France,Peru,44,6,2,0,2,77,405,103,0,1,34.0,Group Stage,No,0,,200015.0,1.0,2018-06-14,2018-07-15,3.0,2018-06-21T15:00:00Z,FINISHED,2.0,GROUP_STAGE,Group C,2018-06-22T16:55:00Z,HOME_TEAM,REGULAR,1.0,0.0,1.0,0.0,,,,,773.0,832.0,55973.0,Mohammed Abdulla Hassan,,55974.0,Mohamed Ahmed Al Hammadi,,56084.0,Hasan Mohamed Al Mahri,,56021.0,Janny Sikazwe,,56022.0,Jerson dos Santos,,11116.0,Daniele Orsato,,56026.0,Abdelrahman Al Jassim,,56027.0,Taleb Salem Al Marri,,43888.0,Szymon Marciniak,
43,43,21-06-2018,Peru,France,56,6,2,1,3,81,532,102,0,0,,Group Stage,No,0,,,,,,,,,,,,,,,,,,,,,,,,,,,,,,,,,,,,,,,,,,,,,,,,,,,
44,44,21-06-2018,Argentina,Croatia,58,3,4,3,2,81,505,101,0,0,,Group Stage,No,0,,200020.0,1.0,2018-06-14,2018-07-15,3.0,2018-06-21T18:00:00Z,FINISHED,2.0,GROUP_STAGE,Group D,2018-06-22T10:00:02Z,AWAY_TEAM,REGULAR,0.0,3.0,0.0,0.0,,,,,762.0,799.0,56184.0,Ravshan Irmatov,,56185.0,Abdukhamidullo Rasulov,,56186.0,Jakhongir Saidov,,56019.0,Norbert Hauata,,56020.0,Bertrand Brial,,43878.0,Felix Zwayer,,15746.0,Bastian Dankert,,56025.0,Corey Rockwell,,43899.0,Danny Makkelie,
45,45,21-06-2018,Croatia,Argentina,42,6,4,3,3,80,372,104,0,1,53.0,Group Stage,No,0,,,,,,,,,,,,,,,,,,,,,,,,,,,,,,,,,,,,,,,,,,,,,,,,,,,
46,46,22-06-2018,Brazil,Costa Rica,66,9,5,3,0,90,732,105,0,1,90.0,Group Stage,No,0,,200026.0,1.0,2018-06-14,2018-07-15,3.0,2018-06-22T12:00:00Z,FINISHED,2.0,GROUP_STAGE,Group E,2018-06-22T21:58:16Z,HOME_TEAM,REGULAR,2.0,0.0,0.0,0.0,,,,,764.0,793.0,9558.0,Björn Kuipers,,9559.0,Sander van Roekel,,9560.0,Erwin Zeinstra,,9346.0,Damir Skomina,,9347.0,Jure Praprotnik,,43899.0,Danny Makkelie,,43540.0,Artur Soares Dias,,55725.0,Joe Fletcher,,55724.0,Mark Geiger,
47,47,22-06-2018,Costa Rica,Brazil,34,4,0,3,7,73,271,109,0,0,,Group Stage,No,0,,,,,,,,,,,,,,,,,,,,,,,,,,,,,,,,,,,,,,,,,,,,,,,,,,,
48,48,22-06-2018,Nigeria,Iceland,58,6,6,1,3,84,473,100,0,1,49.0,Group Stage,No,0,,200021.0,1.0,2018-06-14,2018-07-15,3.0,2018-06-22T15:00:00Z,FINISHED,2.0,GROUP_STAGE,Group D,2018-06-22T20:00:02Z,HOME_TEAM,REGULAR,2.0,0.0,0.0,0.0,,,,,776.0,1066.0,56176.0,Matt Conger,,56085.0,Simon Lount,,56177.0,Tevita Makasini,,56024.0,Ricardo Montero,,56063.0,Hiroshi Yamauchi,,11054.0,Massimiliano Irrati,,43854.0,Paweł Gil,,11056.0,Elenito Di Liberatore,,10988.0,Gianluca Rocchi,
49,49,22-06-2018,Iceland,Nigeria,42,6,1,0,2,75,291,106,0,0,,Group Stage,No,0,,,,,,,,,,,,,,,,,,,,,,,,,,,,,,,,,,,,,,,,,,,,,,,,,,,
50,50,22-06-2018,Serbia,Switzerland,42,7,2,0,3,78,309,116,0,0,5.0,Group Stage,No,0,,200027.0,1.0,2018-06-14,2018-07-15,3.0,2018-06-22T18:00:00Z,FINISHED,2.0,GROUP_STAGE,Group E,2018-06-22T23:00:01Z,AWAY_TEAM,REGULAR,1.0,2.0,1.0,0.0,,,,,780.0,788.0,43875.0,Felix Brych,,43876.0,Mark Borsch,,43877.0,Stefan Lupp,,56071.0,Nawaf Shukralla,,56072.0,Yaser Tulefat,,43878.0,Felix Zwayer,,15746.0,Bastian Dankert,,49528.0,Carlos Astroza,,9374.0,Clément Turpin,
51,51,22-06-2018,Switzerland,Serbia,58,8,7,3,2,87,547,112,0,1,52.0,Group Stage,No,0,,,,,,,,,,,,,,,,,,,,,,,,,,,,,,,,,,,,,,,,,,,,,,,,,,,
52,52,23-06-2018,Belgium,Tunisia,52,8,3,3,3,84,468,104,0,1,6.0,Group Stage,No,0,,200038.0,1.0,2018-06-14,2018-07-15,3.0,2018-06-23T12:00:00Z,FINISHED,2.0,GROUP_STAGE,Group G,2018-06-24T11:50:00Z,HOME_TEAM,REGULAR,5.0,2.0,3.0,1.0,,,,,805.0,802.0,55667.0,Jair Marrufo,,56025.0,Corey Rockwell,,56017.0,Juan Zumba,,29474.0,Andrés Cunha,,28776.0,Nicolás Tarán,,55724.0,Mark Geiger,,55725.0,Joe Fletcher,,15746.0,Bastian Dankert,,43878.0,Felix Zwayer,
53,53,23-06-2018,Tunisia,Belgium,48,6,4,3,6,82,477,102,0,0,18.0,Group Stage,No,0,,,,,,,,,,,,,,,,,,,,,,,,,,,,,,,,,,,,,,,,,,,,,,,,,,,
54,54,23-06-2018,Korea Republic,Mexico,41,2,9,0,3,82,346,99,0,0,90.0,Group Stage,No,0,,200032.0,1.0,2018-06-14,2018-07-15,3.0,2018-06-23T15:00:00Z,FINISHED,2.0,GROUP_STAGE,Group F,2018-06-23T20:00:02Z,AWAY_TEAM,REGULAR,1.0,2.0,0.0,1.0,,,,,772.0,769.0,9371.0,Milorad Mažić,,9372.0,Milovan Ristić,,56231.0,Dalibor Đurđević,,56010.0,John Pitti,,56011.0,Gabriel Victoria,,11116.0,Daniele Orsato,,49528.0,Carlos Astroza,,43540.0,Artur Soares Dias,,15713.0,Tiago Martins,
55,55,23-06-2018,Mexico,Korea Republic,59,6,2,0,5,89,485,97,0,1,26.0,Group Stage,No,0,,,,,,,,,,,,,,,,,,,,,,,,,,,,,,,,,,,,,,,,,,,,,,,,,,,
56,56,23-06-2018,Germany,Sweden,71,4,7,5,5,91,699,111,1,1,48.0,Group Stage,No,0,,200033.0,1.0,2018-06-14,2018-07-15,3.0,2018-06-23T18:00:00Z,FINISHED,2.0,GROUP_STAGE,Group F,2018-06-23T23:00:02Z,HOME_TEAM,REGULAR,2.0,1.0,0.0,1.0,,,,,759.0,792.0,43888.0,Szymon Marciniak,,43889.0,Paweł Sokolnicki,,43890.0,Tomasz Listkiewicz,,49525.0,Ryūji Satō,,55658.0,Toru Sagara,,9374.0,Clément Turpin,,43884.0,Cyril Gringore,,43854.0,Paweł Gil,,11075.0,Paolo Valeri,
57,57,23-06-2018,Sweden,Germany,29,1,1,2,4,77,213,110,0,0,32.0,Group Stage,No,0,,,,,,,,,,,,,,,,,,,,,,,,,,,,,,,,,,,,,,,,,,,,,,,,,,,
58,58,24-06-2018,England,Panama,58,3,2,3,1,94,593,99,0,1,8.0,Group Stage,No,0,,200039.0,1.0,2018-06-14,2018-07-15,3.0,2018-06-24T12:00:00Z,FINISHED,2.0,GROUP_STAGE,Group G,2018-06-24T19:26:57Z,HOME_TEAM,REGULAR,6.0,1.0,5.0,0.0,,,,,770.0,1836.0,56393.0,Gehad Grisha,,56394.0,Redouane Achik,,56395.0,Waleed Ahmed Ali,,56019.0,Norbert Hauata,,56020.0,Bertrand Brial,,43899.0,Danny Makkelie,,9559.0,Sander van Roekel,,43854.0,Paweł Gil,,55724.0,Mark Geiger,
59,59,24-06-2018,Panama,England,42,5,1,0,1,88,398,89,0,0,78.0,Group Stage,No,0,,,,,,,,,,,,,,,,,,,,,,,,,,,,,,,,,,,,,,,,,,,,,,,,,,,
60,60,24-06-2018,Japan,Senegal,54,2,2,2,5,84,449,105,0,0,34.0,Group Stage,No,0,,200044.0,1.0,2018-06-14,2018-07-15,3.0,2018-06-24T15:00:00Z,FINISHED,2.0,GROUP_STAGE,Group H,2018-06-24T20:00:03Z,DRAW,REGULAR,2.0,2.0,1.0,1.0,,,,,766.0,804.0,10988.0,Gianluca Rocchi,,11056.0,Elenito Di Liberatore,,11058.0,Mauro Tonolini,,56026.0,Abdelrahman Al Jassim,,56027.0,Taleb Salem Al Marri,,11054.0,Massimiliano Irrati,,49487.0,Hernán Maidana,,15713.0,Tiago Martins,,11075.0,Paolo Valeri,
61,61,24-06-2018,Senegal,Japan,46,5,2,4,1,79,338,102,0,1,11.0,Group Stage,No,0,,,,,,,,,,,,,,,,,,,,,,,,,,,,,,,,,,,,,,,,,,,,,,,,,,,
62,62,24-06-2018,Poland,Colombia,45,3,4,1,0,79,424,107,0,0,,Group Stage,No,0,,200045.0,1.0,2018-06-14,2018-07-15,3.0,2018-06-24T18:00:00Z,FINISHED,2.0,GROUP_STAGE,Group H,2018-06-24T23:00:02Z,AWAY_TEAM,REGULAR,0.0,3.0,0.0,1.0,,,,,794.0,818.0,56408.0,César Arturo Ramos,,56008.0,Marvin Torrentera,,56009.0,Miguel Ángel Hernández,,23895.0,Julio Bascuñán,,55659.0,Christian Schiemann,,49527.0,Mauro Vigliano,,82.0,Roberto Díaz,,18127.0,Gery Vargas,,11116.0,Daniele Orsato,
63,63,24-06-2018,Colombia,Poland,55,5,5,1,2,82,514,108,0,1,40.0,Group Stage,No,0,,,,,,,,,,,,,,,,,,,,,,,,,,,,,,,,,,,,,,,,,,,,,,,,,,,
64,64,25-06-2018,Uruguay,Russia,56,6,4,0,1,88,492,101,0,1,10.0,Group Stage,No,0,,200005.0,1.0,2018-06-14,2018-07-15,3.0,2018-06-25T14:00:00Z,FINISHED,3.0,GROUP_STAGE,Group A,2018-06-26T16:30:00Z,HOME_TEAM,REGULAR,3.0,0.0,2.0,0.0,,,,,758.0,808.0,55961.0,Malang Diédhiou,,55962.0,Djibril Camara,,55963.0,El Hadji Malick Samba,,55964.0,Bamlak Tessema,,56084.0,Hasan Mohamed Al Mahri,,9374.0,Clément Turpin,,43854.0,Paweł Gil,,43884.0,Cyril Gringore,,11116.0,Daniele Orsato,
65,65,25-06-2018,Russia,Uruguay,44,1,1,2,5,83,355,98,1,0,,Group Stage,No,0,1.0,,,,,,,,,,,,,,,,,,,,,,,,,,,,,,,,,,,,,,,,,,,,,,,,,,
66,66,25-06-2018,Saudi Arabia,Egypt,61,10,5,1,0,90,655,101,0,0,45.0,Group Stage,No,0,,200004.0,1.0,2018-06-14,2018-07-15,3.0,2018-06-25T14:00:00Z,FINISHED,3.0,GROUP_STAGE,Group A,2018-06-26T16:30:00Z,HOME_TEAM,REGULAR,2.0,1.0,1.0,1.0,,,,,801.0,825.0,23062.0,Wilmar Roldán,,23046.0,Alexander Guzmán,,22961.0,Christian de la Cruz,,56024.0,Ricardo Montero,,56063.0,Hiroshi Yamauchi,,43540.0,Artur Soares Dias,,15713.0,Tiago Martins,,49528.0,Carlos Astroza,,11412.0,Wilton Pereira Sampaio,
67,67,25-06-2018,Egypt,Saudi Arabia,39,6,1,3,5,82,357,106,0,1,22.0,Group Stage,No,0,,,,,,,,,,,,,,,,,,,,,,,,,,,,,,,,,,,,,,,,,,,,,,,,,,,
68,68,25-06-2018,Spain,Morocco,68,11,1,1,1,91,762,103,0,1,19.0,Group Stage,No,0,,200011.0,1.0,2018-06-14,2018-07-15,3.0,2018-06-25T18:00:00Z,FINISHED,3.0,GROUP_STAGE,Group B,2018-06-26T16:35:01Z,DRAW,REGULAR,2.0,2.0,1.0,1.0,,,,,760.0,815.0,56184.0,Ravshan Irmatov,,56185.0,Abdukhamidullo Rasulov,,56186.0,Jakhongir Saidov,,55973.0,Mohammed Abdulla Hassan,,55974.0,Mohamed Ahmed Al Hammadi,,43878.0,Felix Zwayer,,15746.0,Bastian Dankert,,43876.0,Mark Borsch,,43899.0,Danny Makkelie,
69,69,25-06-2018,Morocco,Spain,32,2,1,1,1,84,247,111,0,0,14.0,Group Stage,No,0,,,,,,,,,,,,,,,,,,,,,,,,,,,,,,,,,,,,,,,,,,,,,,,,,,,
70,70,25-06-2018,Iran,Portugal,32,5,1,1,3,69,226,93,0,0,90.0,Group Stage,No,0,,200010.0,1.0,2018-06-14,2018-07-15,3.0,2018-06-25T18:00:00Z,FINISHED,3.0,GROUP_STAGE,Group B,2018-06-26T16:30:00Z,DRAW,REGULAR,1.0,1.0,0.0,1.0,,,,,840.0,765.0,56073.0,Enrique Cáceres,,56074.0,Eduardo Cardozo,,56075.0,Juan Zorrilla,,55663.0,Mehdi Abid Charef,,55664.0,Anouar Hmila,,11054.0,Massimiliano Irrati,,18127.0,Gery Vargas,,49487.0,Hernán Maidana,,11075.0,Paolo Valeri,
71,71,25-06-2018,Portugal,Iran,68,7,3,1,1,89,619,89,0,1,45.0,Group Stage,No,0,,,,,,,,,,,,,,,,,,,,,,,,,,,,,,,,,,,,,,,,,,,,,,,,,,,
72,72,26-06-2018,Denmark,France,38,2,2,1,4,72,305,106,0,0,,Group Stage,No,0,,200017.0,1.0,2018-06-14,2018-07-15,3.0,2018-06-26T14:00:00Z,FINISHED,3.0,GROUP_STAGE,Group C,2018-06-26T18:00:02Z,DRAW,REGULAR,0.0,0.0,0.0,0.0,,,,,782.0,773.0,49488.0,Sandro Ricci,,11448.0,Emerson Augusto De Carvalho,,11468.0,Marcelo Carvalho Van Gasse,,10988.0,Gianluca Rocchi,,11058.0,Mauro Tonolini,,49527.0,Mauro Vigliano,,11412.0,Wilton Pereira Sampaio,,49528.0,Carlos Astroza,,15713.0,Tiago Martins,
73,73,26-06-2018,France,Denmark,62,6,1,1,1,87,669,104,0,1,,Group Stage,No,0,,,,,,,,,,,,,,,,,,,,,,,,,,,,,,,,,,,,,,,,,,,,,,,,,,,
74,74,26-06-2018,Australia,Peru,53,7,5,3,1,86,555,105,0,0,,Group Stage,No,0,,200016.0,1.0,2018-06-14,2018-07-15,3.0,2018-06-26T14:00:00Z,FINISHED,3.0,GROUP_STAGE,Group C,2018-06-26T20:00:01Z,AWAY_TEAM,REGULAR,0.0,2.0,0.0,1.0,,,,,779.0,832.0,43938.0,Sergey Karasev,,43939.0,Anton Averianov,,43940.0,Tikhon Kalugin,,49525.0,Ryūji Satō,,55658.0,Toru Sagara,,43899.0,Danny Makkelie,,55667.0,Jair Marrufo,,43876.0,Mark Borsch,,15746.0,Bastian Dankert,
75,75,26-06-2018,Peru,Australia,47,1,0,1,2,81,418,100,0,1,18.0,Group Stage,No,0,,,,,,,,,,,,,,,,,,,,,,,,,,,,,,,,,,,,,,,,,,,,,,,,,,,
76,76,26-06-2018,Nigeria,Argentina,34,5,1,0,2,76,244,98,0,0,51.0,Group Stage,No,0,,200022.0,1.0,2018-06-14,2018-07-15,3.0,2018-06-26T18:00:00Z,FINISHED,3.0,GROUP_STAGE,Group D,2018-06-27T10:00:00Z,AWAY_TEAM,REGULAR,1.0,2.0,0.0,1.0,,,,,776.0,762.0,30687.0,Cüneyt Çakιr,,30688.0,Bahattin Duran,,30689.0,Tarık Ongun,,9558.0,Björn Kuipers,,9559.0,Sander van Roekel,,11116.0,Daniele Orsato,,43854.0,Paweł Gil,,43889.0,Paweł Sokolnicki,,11054.0,Massimiliano Irrati,
77,77,26-06-2018,Argentina,Nigeria,66,3,1,2,2,84,565,101,0,1,14.0,Group Stage,No,0,,,,,,,,,,,,,,,,,,,,,,,,,,,,,,,,,,,,,,,,,,,,,,,,,,,
78,78,26-06-2018,Iceland,Croatia,41,8,3,1,0,73,324,103,0,1,76.0,Group Stage,No,0,,200023.0,1.0,2018-06-14,2018-07-15,3.0,2018-06-26T18:00:00Z,FINISHED,3.0,GROUP_STAGE,Group D,2018-06-26T23:00:02Z,AWAY_TEAM,REGULAR,1.0,2.0,0.0,0.0,,,,,1066.0,799.0,43869.0,Antonio Matéu,,134.0,Pau Cebrián,,82.0,Roberto Díaz,,56010.0,John Pitti,,56011.0,Gabriel Victoria,,11075.0,Paolo Valeri,,18127.0,Gery Vargas,,11056.0,Elenito Di Liberatore,,43878.0,Felix Zwayer,
79,79,26-06-2018,Croatia,Iceland,59,8,3,0,5,87,524,101,0,0,53.0,Group Stage,No,0,,,,,,,,,,,,,,,,,,,,,,,,,,,,,,,,,,,,,,,,,,,,,,,,,,,
80,80,27-06-2018,Korea Republic,Germany,30,5,1,0,7,74,237,118,0,1,90.0,Group Stage,No,0,,200034.0,1.0,2018-06-14,2018-07-15,3.0,2018-06-27T14:00:00Z,FINISHED,3.0,GROUP_STAGE,Group F,2018-06-27T18:11:24Z,HOME_TEAM,REGULAR,2.0,0.0,0.0,0.0,,,,,772.0,759.0,55724.0,Mark Geiger,,55725.0,Joe Fletcher,,56076.0,Frank Anderson,,23895.0,Julio Bascuñán,,55659.0,Christian Schiemann,,43899.0,Danny Makkelie,,56025.0,Corey Rockwell,,15713.0,Tiago Martins,,43540.0,Artur Soares Dias,
81,81,27-06-2018,Germany,Korea Republic,70,11,9,1,3,88,719,115,0,0,,Group Stage,No,0,,,,,,,,,,,,,,,,,,,,,,,,,,,,,,,,,,,,,,,,,,,,,,,,,,,
82,82,27-06-2018,Mexico,Sweden,65,8,8,2,3,83,487,95,0,0,,Group Stage,No,0,1.0,200035.0,1.0,2018-06-14,2018-07-15,3.0,2018-06-27T14:00:00Z,FINISHED,3.0,GROUP_STAGE,Group F,2018-06-27T19:00:00Z,AWAY_TEAM,REGULAR,0.0,3.0,0.0,0.0,,,,,769.0,792.0,49485.0,Néstor Pitana,,49487.0,Hernán Maidana,,49486.0,Juan Pablo Belatti,,29474.0,Andrés Cunha,,28832.0,Mauricio Espinosa,,49527.0,Mauro Vigliano,,49528.0,Carlos Astroza,,18127.0,Gery Vargas,,11412.0,Wilton Pereira Sampaio,
83,83,27-06-2018,Sweden,Mexico,35,7,1,0,3,67,212,102,0,1,50.0,Group Stage,No,0,,,,,,,,,,,,,,,,,,,,,,,,,,,,,,,,,,,,,,,,,,,,,,,,,,,
84,84,27-06-2018,Serbia,Brazil,44,5,4,2,4,78,467,114,0,0,,Group Stage,No,0,,200028.0,1.0,2018-06-14,2018-07-15,3.0,2018-06-27T18:00:00Z,FINISHED,3.0,GROUP_STAGE,Group E,2018-06-28T09:05:00Z,AWAY_TEAM,REGULAR,0.0,2.0,0.0,1.0,,,,,780.0,764.0,55970.0,Alireza Faghani,,55971.0,Reza Sokhandan,,55972.0,Mohammadreza Mansouri,,56071.0,Nawaf Shukralla,,55664.0,Anouar Hmila,,11054.0,Massimiliano Irrati,,43889.0,Paweł Sokolnicki,,43854.0,Paweł Gil,,11075.0,Paolo Valeri,
85,85,27-06-2018,Brazil,Serbia,56,3,4,4,1,88,631,105,0,1,36.0,Group Stage,No,0,,,,,,,,,,,,,,,,,,,,,,,,,,,,,,,,,,,,,,,,,,,,,,,,,,,
86,86,27-06-2018,Switzerland,Costa Rica,60,5,4,1,5,87,594,103,0,1,31.0,Group Stage,No,0,1.0,200029.0,1.0,2018-06-14,2018-07-15,3.0,2018-06-27T18:00:00Z,FINISHED,3.0,GROUP_STAGE,Group E,2018-06-28T00:00:01Z,DRAW,REGULAR,2.0,2.0,1.0,0.0,,,,,788.0,793.0,9374.0,Clément Turpin,,43883.0,Nicolas Danos,,43884.0,Cyril Gringore,,56019.0,Norbert Hauata,,56020.0,Bertrand Brial,,43878.0,Felix Zwayer,,15746.0,Bastian Dankert,,43876.0,Mark Borsch,,43888.0,Szymon Marciniak,
87,87,27-06-2018,Costa Rica,Switzerland,40,6,2,1,1,82,348,103,0,0,56.0,Group Stage,No,0,,,,,,,,,,,,,,,,,,,,,,,,,,,,,,,,,,,,,,,,,,,,,,,,,,,
88,88,28-06-2018,Japan,Poland,54,4,3,1,2,86,557,83,0,0,,Group Stage,No,0,,200046.0,1.0,2018-06-14,2018-07-15,3.0,2018-06-28T14:00:00Z,FINISHED,3.0,GROUP_STAGE,Group H,2018-06-28T19:00:01Z,AWAY_TEAM,REGULAR,0.0,1.0,0.0,0.0,,,,,766.0,794.0,56021.0,Janny Sikazwe,,56022.0,Jerson dos Santos,,33897.0,Zakhele Siwela,,56024.0,Ricardo Montero,,56018.0,Juan Carlos Mora,,11116.0,Daniele Orsato,,18127.0,Gery Vargas,,49528.0,Carlos Astroza,,11075.0,Paolo Valeri,
89,89,28-06-2018,Poland,Japan,46,5,4,0,3,83,462,80,0,1,59.0,Group Stage,No,0,,,,,,,,,,,,,,,,,,,,,,,,,,,,,,,,,,,,,,,,,,,,,,,,,,,
90,90,28-06-2018,Senegal,Colombia,43,4,1,3,1,78,281,97,0,0,,Group Stage,No,0,,200047.0,1.0,2018-06-14,2018-07-15,3.0,2018-06-28T14:00:00Z,FINISHED,3.0,GROUP_STAGE,Group H,2018-06-28T19:00:01Z,AWAY_TEAM,REGULAR,0.0,1.0,0.0,0.0,,,,,804.0,818.0,9371.0,Milorad Mažić,,9372.0,Milovan Ristić,,56231.0,Dalibor Đurđević,,55964.0,Bamlak Tessema,,56084.0,Hasan Mohamed Al Mahri,,43899.0,Danny Makkelie,,15746.0,Bastian Dankert,,11056.0,Elenito Di Liberatore,,10988.0,Gianluca Rocchi,
91,91,28-06-2018,Colombia,Senegal,57,1,1,3,3,83,431,100,0,1,74.0,Group Stage,No,0,,,,,,,,,,,,,,,,,,,,,,,,,,,,,,,,,,,,,,,,,,,,,,,,,,,
92,92,28-06-2018,Panama,Tunisia,36,4,1,4,5,77,284,102,0,0,33.0,Group Stage,No,0,,200041.0,1.0,2018-06-14,2018-07-15,3.0,2018-06-28T18:00:00Z,FINISHED,3.0,GROUP_STAGE,Group G,2018-06-28T23:00:01Z,AWAY_TEAM,REGULAR,1.0,2.0,1.0,0.0,,,,,1836.0,802.0,56071.0,Nawaf Shukralla,,56072.0,Yaser Tulefat,,56027.0,Taleb Salem Al Marri,,55663.0,Mehdi Abid Charef,,56063.0,Hiroshi Yamauchi,,15713.0,Tiago Martins,,56026.0,Abdelrahman Al Jassim,,56008.0,Marvin Torrentera,,49488.0,Sandro Ricci,
93,93,28-06-2018,Tunisia,Panama,64,4,4,1,4,87,626,107,0,1,51.0,Group Stage,No,0,1.0,,,,,,,,,,,,,,,,,,,,,,,,,,,,,,,,,,,,,,,,,,,,,,,,,,
94,94,28-06-2018,England,Belgium,48,7,5,3,3,88,484,109,0,0,,Group Stage,No,0,,200040.0,1.0,2018-06-14,2018-07-15,3.0,2018-06-28T18:00:00Z,FINISHED,3.0,GROUP_STAGE,Group G,2018-06-28T23:00:00Z,AWAY_TEAM,REGULAR,0.0,1.0,0.0,0.0,,,,,770.0,805.0,9346.0,Damir Skomina,,9347.0,Jure Praprotnik,,9348.0,Robert Vukan,,55973.0,Mohammed Abdulla Hassan,,55974.0,Mohamed Ahmed Al Hammadi,,43540.0,Artur Soares Dias,,43854.0,Paweł Gil,,82.0,Roberto Díaz,,49527.0,Mauro Vigliano,
95,95,28-06-2018,Belgium,England,52,4,7,1,1,88,556,106,0,1,51.0,Group Stage,No,0,,200062.0,1.0,2018-06-14,2018-07-15,3.0,2018-07-14T14:00:00Z,FINISHED,,3RD_PLACE,3rd Place,2018-07-14T19:00:01Z,HOME_TEAM,REGULAR,2.0,0.0,1.0,0.0,,,,,805.0,770.0,55970.0,Alireza Faghani,,55971.0,Reza Sokhandan,,55972.0,Mohammadreza Mansouri,,55961.0,Malang Diédhiou,,55962.0,Djibril Camara,,55724.0,Mark Geiger,,15746.0,Bastian Dankert,,55725.0,Joe Fletcher,,11075.0,Paolo Valeri,
96,96,30-06-2018,France,Argentina,41,4,1,0,1,84,351,97,0,1,13.0,Round of 16,No,0,,200048.0,1.0,2018-06-14,2018-07-15,3.0,2018-06-30T14:00:00Z,FINISHED,,ROUND_OF_16,Round of 16,2018-06-30T19:00:01Z,HOME_TEAM,REGULAR,4.0,3.0,1.0,1.0,,,,,773.0,762.0,55970.0,Alireza Faghani,,55971.0,Reza Sokhandan,,55972.0,Mohammadreza Mansouri,,23895.0,Julio Bascuñán,,55659.0,Christian Schiemann,,11054.0,Massimiliano Irrati,,43854.0,Paweł Gil,,49528.0,Carlos Astroza,,11075.0,Paolo Valeri,
97,97,30-06-2018,Argentina,France,59,1,4,1,0,86,547,96,0,0,41.0,Round of 16,No,0,,,,,,,,,,,,,,,,,,,,,,,,,,,,,,,,,,,,,,,,,,,,,,,,,,,
98,98,30-06-2018,Uruguay,Portugal,39,2,1,0,4,69,269,106,0,1,7.0,Round of 16,No,0,,200049.0,1.0,2018-06-14,2018-07-15,3.0,2018-06-30T18:00:00Z,FINISHED,,ROUND_OF_16,Round of 16,2018-06-30T22:26:05Z,HOME_TEAM,REGULAR,2.0,1.0,1.0,0.0,,,,,758.0,765.0,56408.0,César Arturo Ramos,,56008.0,Marvin Torrentera,,56009.0,Miguel Ángel Hernández,,55667.0,Jair Marrufo,,56025.0,Corey Rockwell,,55724.0,Mark Geiger,,15746.0,Bastian Dankert,,55725.0,Joe Fletcher,,43899.0,Danny Makkelie,
99,99,30-06-2018,Portugal,Uruguay,61,1,8,1,1,84,583,107,0,0,55.0,Round of 16,No,0,,,,,,,,,,,,,,,,,,,,,,,,,,,,,,,,,,,,,,,,,,,,,,,,,,,
100,100,1/7/2018,Spain,Russia,75,6,10,1,0,91,1137,137,0,0,12.0,Round of 16,Yes,3,,200050.0,1.0,2018-06-14,2018-07-15,3.0,2018-07-01T14:00:00Z,FINISHED,,ROUND_OF_16,Round of 16,2018-07-02T19:15:00Z,AWAY_TEAM,PENALTY_SHOOTOUT,1.0,1.0,1.0,1.0,0.0,0.0,3.0,4.0,760.0,808.0,9558.0,Björn Kuipers,,9559.0,Sander van Roekel,,9560.0,Erwin Zeinstra,,9374.0,Clément Turpin,,43899.0,Danny Makkelie,,43876.0,Mark Borsch,,43878.0,Felix Zwayer,,43883.0,Nicolas Danos,,43854.0,Paweł Gil,
101,101,1/7/2018,Russia,Spain,25,3,2,1,9,72,284,146,0,1,41.0,Round of 16,Yes,4,1.0,,,,,,,,,,,,,,,,,,,,,,,,,,,,,,,,,,,,,,,,,,,,,,,,,,
102,102,1/7/2018,Croatia,Denmark,54,8,7,2,2,81,626,132,0,1,4.0,Round of 16,Yes,3,,200051.0,1.0,2018-06-14,2018-07-15,3.0,2018-07-01T18:00:00Z,FINISHED,,ROUND_OF_16,Round of 16,2018-07-02T19:15:00Z,HOME_TEAM,PENALTY_SHOOTOUT,1.0,1.0,1.0,1.0,0.0,0.0,3.0,2.0,799.0,782.0,49485.0,Néstor Pitana,,49487.0,Hernán Maidana,,49486.0,Juan Pablo Belatti,,56073.0,Enrique Cáceres,,56074.0,Eduardo Cardozo,,49527.0,Mauro Vigliano,,18127.0,Gery Vargas,,82.0,Roberto Díaz,,11116.0,Daniele Orsato,
103,103,1/7/2018,Denmark,Croatia,46,10,2,0,7,79,539,135,0,0,1.0,Round of 16,Yes,2,,,,,,,,,,,,,,,,,,,,,,,,,,,,,,,,,,,,,,,,,,,,,,,,,,,
104,104,2/7/2018,Brazil,Mexico,47,7,4,0,1,83,398,92,0,1,51.0,Round of 16,No,0,,200052.0,1.0,2018-06-14,2018-07-15,3.0,2018-07-02T14:00:00Z,FINISHED,,ROUND_OF_16,Round of 16,2018-07-02T19:00:01Z,HOME_TEAM,REGULAR,2.0,0.0,0.0,0.0,,,,,764.0,769.0,10988.0,Gianluca Rocchi,,11056.0,Elenito Di Liberatore,,11058.0,Mauro Tonolini,,43869.0,Antonio Matéu,,11054.0,Massimiliano Irrati,,49528.0,Carlos Astroza,,11116.0,Daniele Orsato,,43854.0,Paweł Gil,,134.0,Pau Cebrián,
105,105,2/7/2018,Mexico,Brazil,53,4,8,2,8,85,424,89,0,0,,Round of 16,No,0,,,,,,,,,,,,,,,,,,,,,,,,,,,,,,,,,,,,,,,,,,,,,,,,,,,
106,106,2/7/2018,Belgium,Japan,56,10,6,1,3,87,621,108,0,1,69.0,Round of 16,No,0,,200053.0,1.0,2018-06-14,2018-07-15,3.0,2018-07-02T18:00:00Z,FINISHED,,ROUND_OF_16,Round of 16,2018-07-02T23:00:01Z,HOME_TEAM,REGULAR,3.0,2.0,0.0,0.0,,,,,805.0,766.0,55961.0,Malang Diédhiou,,55962.0,Djibril Camara,,55963.0,El Hadji Malick Samba,,55660.0,Bakary Papa Gassama,,43878.0,Felix Zwayer,,43876.0,Mark Borsch,,9374.0,Clément Turpin,,43899.0,Danny Makkelie,,55661.0,Jean-Claude Birumushahu,
107,107,2/7/2018,Japan,Belgium,44,4,3,1,5,83,453,109,0,0,48.0,Round of 16,No,0,,,,,,,,,,,,,,,,,,,,,,,,,,,,,,,,,,,,,,,,,,,,,,,,,,,
108,108,3/7/2018,Sweden,Switzerland,37,6,3,1,4,73,271,105,0,1,66.0,Round of 16,No,0,,200054.0,1.0,2018-06-14,2018-07-15,3.0,2018-07-03T14:00:00Z,FINISHED,,ROUND_OF_16,Round of 16,2018-07-04T12:25:00Z,HOME_TEAM,REGULAR,1.0,0.0,0.0,0.0,,,,,792.0,788.0,9346.0,Damir Skomina,,9347.0,Jure Praprotnik,,9348.0,Robert Vukan,,56071.0,Nawaf Shukralla,,11116.0,Daniele Orsato,,82.0,Roberto Díaz,,15746.0,Bastian Dankert,,11054.0,Massimiliano Irrati,,56072.0,Yaser Tulefat,
109,109,3/7/2018,Switzerland,Sweden,63,5,9,0,2,84,599,103,0,0,,Round of 16,No,0,,,,,,,,,,,,,,,,,,,,,,,,,,,,,,,,,,,,,,,,,,,,,,,,,,,
110,110,3/7/2018,Colombia,England,48,7,3,1,1,78,516,136,0,0,90.0,Round of 16,Yes,3,,200055.0,1.0,2018-06-14,2018-07-15,3.0,2018-07-03T18:00:00Z,FINISHED,,ROUND_OF_16,Round of 16,2018-07-04T12:15:00Z,AWAY_TEAM,PENALTY_SHOOTOUT,1.0,1.0,0.0,0.0,0.0,0.0,3.0,4.0,818.0,770.0,55724.0,Mark Geiger,,55725.0,Joe Fletcher,,56076.0,Frank Anderson,,56176.0,Matt Conger,,43899.0,Danny Makkelie,,49528.0,Carlos Astroza,,49527.0,Mauro Vigliano,,56177.0,Tevita Makasini,,43854.0,Paweł Gil,
111,111,3/7/2018,England,Colombia,51,9,5,2,3,82,571,143,0,1,57.0,Round of 16,Yes,4,,,,,,,,,,,,,,,,,,,,,,,,,,,,,,,,,,,,,,,,,,,,,,,,,,,
112,112,6/7/2018,Uruguay,France,42,6,1,0,0,67,322,103,0,0,,Quarter Finals,No,0,,200056.0,1.0,2018-06-14,2018-07-15,3.0,2018-07-06T14:00:00Z,FINISHED,,QUARTER_FINALS,Quarter-finals,2018-07-06T19:00:01Z,AWAY_TEAM,REGULAR,0.0,2.0,0.0,1.0,,,,,758.0,773.0,49485.0,Néstor Pitana,,49487.0,Hernán Maidana,,49486.0,Juan Pablo Belatti,,55970.0,Alireza Faghani,,11054.0,Massimiliano Irrati,,49528.0,Carlos Astroza,,49527.0,Mauro Vigliano,,11075.0,Paolo Valeri,,55971.0,Reza Sokhandan,
113,113,6/7/2018,France,Uruguay,58,7,2,0,4,81,524,99,0,1,40.0,Quarter Finals,No,0,,,,,,,,,,,,,,,,,,,,,,,,,,,,,,,,,,,,,,,,,,,,,,,,,,,
114,114,6/7/2018,Brazil,Belgium,57,7,10,1,2,89,557,104,0,0,,Quarter Finals,No,0,1.0,200057.0,1.0,2018-06-14,2018-07-15,3.0,2018-07-06T18:00:00Z,FINISHED,,QUARTER_FINALS,Quarter-finals,2018-07-07T14:15:00Z,AWAY_TEAM,REGULAR,1.0,2.0,0.0,2.0,,,,,764.0,805.0,9371.0,Milorad Mažić,,9372.0,Milovan Ristić,,56231.0,Dalibor Đurđević,,55667.0,Jair Marrufo,,11116.0,Daniele Orsato,,43876.0,Mark Borsch,,43854.0,Paweł Gil,,43878.0,Felix Zwayer,,56025.0,Corey Rockwell,
115,115,6/7/2018,Belgium,Brazil,43,3,2,0,9,83,370,105,0,1,13.0,Quarter Finals,No,0,,,,,,,,,,,,,,,,,,,,,,,,,,,,,,,,,,,,,,,,,,,,,,,,,,,
116,116,7/7/2018,Sweden,England,43,3,1,2,0,74,379,107,0,0,,Quarter Finals,No,0,,200058.0,1.0,2018-06-14,2018-07-15,3.0,2018-07-07T14:00:00Z,FINISHED,,QUARTER_FINALS,Quarter-finals,2018-07-07T19:00:01Z,AWAY_TEAM,REGULAR,0.0,2.0,0.0,1.0,,,,,792.0,770.0,9558.0,Björn Kuipers,,9559.0,Sander van Roekel,,9560.0,Erwin Zeinstra,,43869.0,Antonio Matéu,,134.0,Pau Cebrián,,43899.0,Danny Makkelie,,15746.0,Bastian Dankert,,49528.0,Carlos Astroza,,43878.0,Felix Zwayer,
117,117,7/7/2018,England,Sweden,57,4,6,1,3,80,525,110,0,1,30.0,Quarter Finals,No,0,,,,,,,,,,,,,,,,,,,,,,,,,,,,,,,,,,,,,,,,,,,,,,,,,,,
118,118,7/7/2018,Russia,Croatia,38,4,2,1,1,69,399,148,0,0,31.0,Quarter Finals,Yes,3,,200059.0,1.0,2018-06-14,2018-07-15,3.0,2018-07-07T18:00:00Z,FINISHED,,QUARTER_FINALS,Quarter-finals,2018-07-07T23:00:01Z,AWAY_TEAM,PENALTY_SHOOTOUT,2.0,2.0,1.0,1.0,1.0,1.0,3.0,4.0,808.0,799.0,49488.0,Sandro Ricci,,11448.0,Emerson Augusto De Carvalho,,11468.0,Marcelo Carvalho Van Gasse,,56021.0,Janny Sikazwe,,56022.0,Jerson dos Santos,,11054.0,Massimiliano Irrati,,11412.0,Wilton Pereira Sampaio,,82.0,Roberto Díaz,,11075.0,Paolo Valeri,
119,119,7/7/2018,Croatia,Russia,62,10,4,0,5,82,753,139,0,1,39.0,Quarter Finals,Yes,4,,,,,,,,,,,,,,,,,,,,,,,,,,,,,,,,,,,,,,,,,,,,,,,,,,,
120,120,10/7/2018,France,Belgium,40,8,6,1,3,86,342,102,0,1,51.0,Semi- Finals,No,0,,200060.0,1.0,2018-06-14,2018-07-15,3.0,2018-07-10T18:00:00Z,FINISHED,,SEMI_FINALS,Semi-finals,2018-07-11T15:25:00Z,HOME_TEAM,REGULAR,1.0,0.0,0.0,0.0,,,,,773.0,805.0,29474.0,Andrés Cunha,,28776.0,Nicolás Tarán,,28832.0,Mauricio Espinosa,,56408.0,César Arturo Ramos,,56008.0,Marvin Torrentera,,11054.0,Massimiliano Irrati,,82.0,Roberto Díaz,,49527.0,Mauro Vigliano,,11075.0,Paolo Valeri,
121,121,10/7/2018,Belgium,France,60,5,1,1,4,90,629,102,0,0,,Semi- Finals,No,0,,,,,,,,,,,,,,,,,,,,,,,,,,,,,,,,,,,,,,,,,,,,,,,,,,,
122,122,11/7/2018,Croatia,England,54,11,4,1,0,79,622,143,0,1,68.0,Semi- Finals,No,0,,200061.0,1.0,2018-06-14,2018-07-15,3.0,2018-07-11T18:00:00Z,FINISHED,,SEMI_FINALS,Semi-finals,2018-07-11T23:00:01Z,HOME_TEAM,EXTRA_TIME,2.0,1.0,0.0,1.0,1.0,0.0,,,799.0,770.0,30687.0,Cüneyt Çakιr,,30688.0,Bahattin Duran,,30689.0,Tarık Ongun,,9558.0,Björn Kuipers,,9559.0,Sander van Roekel,,43899.0,Danny Makkelie,,49528.0,Carlos Astroza,,15746.0,Bastian Dankert,,43878.0,Felix Zwayer,
123,123,11/7/2018,England,Croatia,46,6,4,3,5,79,479,148,0,0,5.0,Semi- Finals,No,0,,,,,,,,,,,,,,,,,,,,,,,,,,,,,,,,,,,,,,,,,,,,,,,,,,,
124,124,14-07-2018,Belgium,England,43,3,5,1,5,88,510,108,0,1,4.0,3rd Place,No,0,,200062.0,1.0,2018-06-14,2018-07-15,3.0,2018-07-14T14:00:00Z,FINISHED,,3RD_PLACE,3rd Place,2018-07-14T19:00:01Z,HOME_TEAM,REGULAR,2.0,0.0,1.0,0.0,,,,,805.0,770.0,55970.0,Alireza Faghani,,55971.0,Reza Sokhandan,,55972.0,Mohammadreza Mansouri,,55961.0,Malang Diédhiou,,55962.0,Djibril Camara,,55724.0,Mark Geiger,,15746.0,Bastian Dankert,,55725.0,Joe Fletcher,,11075.0,Paolo Valeri,
125,125,14-07-2018,England,Belgium,57,7,3,0,2,92,698,110,0,0,,3rd Place,No,0,,200040.0,1.0,2018-06-14,2018-07-15,3.0,2018-06-28T18:00:00Z,FINISHED,3.0,GROUP_STAGE,Group G,2018-06-28T23:00:00Z,AWAY_TEAM,REGULAR,0.0,1.0,0.0,0.0,,,,,770.0,805.0,9346.0,Damir Skomina,,9347.0,Jure Praprotnik,,9348.0,Robert Vukan,,55973.0,Mohammed Abdulla Hassan,,55974.0,Mohamed Ahmed Al Hammadi,,43540.0,Artur Soares Dias,,43854.0,Paweł Gil,,82.0,Roberto Díaz,,49527.0,Mauro Vigliano,
126,126,15-07-2018,France,Croatia,39,1,1,1,1,75,271,99,0,1,18.0,Final,No,0,1.0,200063.0,1.0,2018-06-14,2018-07-15,3.0,2018-07-15T15:00:00Z,FINISHED,,FINAL,Final,2018-07-15T20:00:01Z,HOME_TEAM,REGULAR,4.0,2.0,2.0,1.0,,,,,773.0,799.0,49485.0,Néstor Pitana,,49487.0,Hernán Maidana,,49486.0,Juan Pablo Belatti,,9558.0,Björn Kuipers,,9560.0,Erwin Zeinstra,,11054.0,Massimiliano Irrati,,49527.0,Mauro Vigliano,,49528.0,Carlos Astroza,,43899.0,Danny Makkelie,
127,127,15-07-2018,Croatia,France,61,8,4,1,3,83,547,100,0,0,28.0,Final,No,0,,,,,,,,,,,,,,,,,,,,,,,,,,,,,,,,,,,,,,,,,,,,,,,,,,,
